document_id,role,allowed
DOC-MED-001,Nurse,True
DOC-MED-001,Physician,True
DOC-MED-001,Pharmacist,True
DOC-MED-001,Clinical_Admin,True
DOC-MED-001,Visitor,False
DOC-MED-002,Nurse,True
DOC-MED-002,Physician,True
DOC-MED-002,Pharmacist,True
DOC-MED-002,Clinical_Admin,True
DOC-MED-002,Visitor,False
DOC-MED-003,Nurse,True
DOC-MED-003,Physician,True
DOC-MED-003,Pharmacist,True
DOC-MED-003,Clinical_Admin,True
DOC-MED-003,Visitor,False
DOC-MED-004,Nurse,True
DOC-MED-004,Physician,True
DOC-MED-004,Pharmacist,True
DOC-MED-004,Clinical_Admin,True
DOC-MED-004,Visitor,False
DOC-MED-005,Nurse,True
DOC-MED-005,Physician,True
DOC-MED-005,Pharmacist,True
DOC-MED-005,Clinical_Admin,True
DOC-MED-005,Visitor,False
DOC-MED-006,Nurse,True
DOC-MED-006,Physician,True
DOC-MED-006,Pharmacist,True
DOC-MED-006,Clinical_Admin,True
DOC-MED-006,Visitor,False
DOC-INF-001,Nurse,True
DOC-INF-001,Physician,True
DOC-INF-001,Pharmacist,True
DOC-INF-001,Clinical_Admin,True
DOC-INF-001,Visitor,False
DOC-INF-002,Nurse,True
DOC-INF-002,Physician,True
DOC-INF-002,Pharmacist,True
DOC-INF-002,Clinical_Admin,True
DOC-INF-002,Visitor,False
DOC-INF-003,Nurse,True
DOC-INF-003,Physician,True
DOC-INF-003,Pharmacist,True
DOC-INF-003,Clinical_Admin,True
DOC-INF-003,Visitor,False
DOC-INF-004,Nurse,True
DOC-INF-004,Physician,True
DOC-INF-004,Pharmacist,True
DOC-INF-004,Clinical_Admin,True
DOC-INF-004,Visitor,False
DOC-INF-005,Nurse,True
DOC-INF-005,Physician,True
DOC-INF-005,Pharmacist,True
DOC-INF-005,Clinical_Admin,True
DOC-INF-005,Visitor,False
DOC-CPR-001,Nurse,True
DOC-CPR-001,Physician,True
DOC-CPR-001,Pharmacist,False
DOC-CPR-001,Clinical_Admin,True
DOC-CPR-001,Visitor,False
DOC-CPR-002,Nurse,True
DOC-CPR-002,Physician,True
DOC-CPR-002,Pharmacist,False
DOC-CPR-002,Clinical_Admin,True
DOC-CPR-002,Visitor,False
DOC-CPR-003,Nurse,True
DOC-CPR-003,Physician,True
DOC-CPR-003,Pharmacist,False
DOC-CPR-003,Clinical_Admin,True
DOC-CPR-003,Visitor,False
DOC-SEP-001,Nurse,True
DOC-SEP-001,Physician,True
DOC-SEP-001,Pharmacist,True
DOC-SEP-001,Clinical_Admin,True
DOC-SEP-001,Visitor,False
DOC-SEP-002,Nurse,True
DOC-SEP-002,Physician,True
DOC-SEP-002,Pharmacist,True
DOC-SEP-002,Clinical_Admin,True
DOC-SEP-002,Visitor,False
DOC-SEP-003,Nurse,True
DOC-SEP-003,Physician,True
DOC-SEP-003,Pharmacist,True
DOC-SEP-003,Clinical_Admin,True
DOC-SEP-003,Visitor,False
DOC-SURG-001,Nurse,True
DOC-SURG-001,Physician,True
DOC-SURG-001,Pharmacist,False
DOC-SURG-001,Clinical_Admin,True
DOC-SURG-001,Visitor,False
DOC-SURG-002,Nurse,True
DOC-SURG-002,Physician,True
DOC-SURG-002,Pharmacist,False
DOC-SURG-002,Clinical_Admin,True
DOC-SURG-002,Visitor,False
DOC-PHARM-001,Nurse,True
DOC-PHARM-001,Physician,False
DOC-PHARM-001,Pharmacist,True
DOC-PHARM-001,Clinical_Admin,True
DOC-PHARM-001,Visitor,False
DOC-PHARM-002,Nurse,True
DOC-PHARM-002,Physician,False
DOC-PHARM-002,Pharmacist,True
DOC-PHARM-002,Clinical_Admin,True
DOC-PHARM-002,Visitor,False
DOC-ICU-001,Nurse,True
DOC-ICU-001,Physician,True
DOC-ICU-001,Pharmacist,False
DOC-ICU-001,Clinical_Admin,True
DOC-ICU-001,Visitor,False
DOC-VIS-001,Nurse,True
DOC-VIS-001,Physician,True
DOC-VIS-001,Pharmacist,True
DOC-VIS-001,Clinical_Admin,True
DOC-VIS-001,Visitor,True
