query_id,query,user_role,scenario_type,expected_doc_id,expected_version,selected_doc_id,selected_version,selected_status,similarity_score,authoritative_correct,citation_correct,draft_error,unauthorized_access_error,cited_section
Q01,What is the current procedure for inpatient medication administration and five rights verification?,Nurse,NORMAL,DOC-MED-004,3.1,DOC-MED-002,2.0,Superseded,0.236,False,False,False,False,Section 1: Scope
Q02,What is the dual signoff verification procedure for IV push high-alert medications like insulin and heparin?,Nurse,DRAFT_TRAP,DOC-MED-004,3.1,DOC-MED-003,3.0,Superseded,0.261,False,False,False,False,Section 1: Scope
Q03,What are the current pediatric weight-based titration dose limits and pharmacist verification requirements?,Nurse,DRAFT_TRAP,DOC-MED-004,3.1,DOC-MED-004,3.1,Approved,0.3585,True,True,False,False,Section 4: Pediatric Titration & Dose Limits
Q04,When are verbal medication orders permitted in emergency exceptions?,Physician,NORMAL,DOC-MED-004,3.1,DOC-MED-004,3.1,Approved,0.2029,True,True,False,False,Section 5: Emergency Exception
Q05,What is the current infection control procedure for hand hygiene and sanitizing?,Nurse,NORMAL,DOC-INF-003,2.1,DOC-INF-001,1.0,Superseded,0.3221,False,False,False,False,Section 1: Standard Precautions
Q06,What are the enhanced contact isolation PPE requirements for C. difficile and enteric pathogens?,Nurse,SUPERSEDED_TRAP,DOC-INF-003,2.1,DOC-INF-003,2.1,Approved,0.2689,True,True,False,False,Section 2: Enhanced Contact Isolation
Q07,What are the airborne isolation precautions and N95 negative pressure room standards?,Physician,DRAFT_TRAP,DOC-INF-003,2.1,DOC-INF-002,2.0,Superseded,0.3988,False,False,False,False,Section 1: Standard Precautions
Q08,How do I clean IT workstations and computer keyboards in patient wards?,Nurse,WRONG_OWNER_TRAP,DOC-INF-003,2.1,DOC-INF-005,2.1,Approved,0.2881,False,False,False,True,Section 1: IT Cleaning
Q09,What is the high performance chest compression rate and depth for adult code blue resuscitation?,Physician,SUPERSEDED_TRAP,DOC-CPR-002,4.0,DOC-CPR-003,5.0,Draft,0.3662,False,False,True,False,Section 1: Draft Code Blue
Q10,What is the biphasic defibrillation shock energy and epinephrine dosing during adult cardiac arrest?,Physician,DRAFT_TRAP,DOC-CPR-002,4.0,DOC-CPR-002,4.0,Approved,0.2141,True,True,False,False,Section 3: Biphasic Defibrillation
Q11,What are the clinical triage triggers and blood culture antibiotic timing for pediatric sepsis golden hour?,Nurse,SUPERSEDED_TRAP,DOC-SEP-002,2.0,DOC-SEP-002,2.0,Approved,0.2908,True,True,False,False,Section 2: Sepsis Golden Hour Bundle
Q12,What is the crystalloid bolus volume and vasoactive epinephrine infusion for pediatric fluid-refractory septic shock?,Physician,NORMAL,DOC-SEP-002,2.0,DOC-SEP-002,2.0,Approved,0.2951,True,True,False,False,Section 4: Vasoactive Support
Q13,What are the mandatory surgical time out safety checks before skin incision?,Physician,NORMAL,DOC-SURG-002,2.0,DOC-SURG-001,1.5,Superseded,0.1856,False,False,False,False,Section 1: Pre
Q14,"What is the sign out procedure for needle, sponge, and instrument counts before leaving the OR?",Nurse,SUPERSEDED_TRAP,DOC-SURG-002,2.0,DOC-SURG-002,2.0,Approved,0.2893,True,True,False,False,Section 3: Sign Out (Before leaving OR)
Q15,What is the dual witness disposal and chemical denaturing protocol for controlled substance narcotic waste?,Pharmacist,NORMAL,DOC-PHARM-001,2.0,DOC-PHARM-001,2.0,Approved,0.3703,True,True,False,False,Section 2: Dual Witness Disposal
Q16,What are the discrepancy reporting thresholds and timeframes for missing narcotics in dispensing cabinets?,Nurse,DRAFT_TRAP,DOC-PHARM-001,2.0,DOC-PHARM-001,2.0,Approved,0.2265,True,False,False,False,Section 1: Chain of Custody
Q17,What are the readiness criteria and pressure support parameters for daily spontaneous breathing trials in ICU?,Physician,NORMAL,DOC-ICU-001,1.2,DOC-ICU-001,1.2,Approved,0.3132,True,True,False,False,Section 1: Daily Spontaneous Breathing Trial (SBT)
Q18,What are the visiting hours and bedside caregiver policies in inpatient pediatric and ICU units?,Visitor,NORMAL,DOC-VIS-001,1.0,DOC-VIS-001,1.0,Approved,0.3253,True,True,False,False,Section 2: Designated Caregivers
Q19,How do I access and dispose of controlled substance narcotics in the medication room?,Visitor,ACCESS_RESTRICTION,BLOCKED,N/A,DOC-PHARM-002,3.0,Draft,0.1792,False,False,False,True,Section 1: Draft Drone Narcotic Transport
Q20,What are the emergency resuscitation code blue cardiac arrest drug doses?,Visitor,ACCESS_RESTRICTION,BLOCKED,N/A,DOC-CPR-003,5.0,Draft,0.5313,False,False,False,True,Section 1: Draft Code Blue
