query_id,query,scenario_type,user_role,expected_document,baseline_selection,resolver_selection,failure_reason,clinical_impact,corrective_action
Q01,What is the current procedure for inpatient medication administration and five rights verification?,NORMAL,Nurse,DOC-MED-004 v3.1,DOC-MED-002 v2.0 (Superseded),DOC-MED-004 v3.1 (Approved),Baseline selected suboptimal candidate purely by keyword count.,Administering wrong medication to patient,"Resolver verified approval status, version hierarchy, and active recency."
Q02,What is the dual signoff verification procedure for IV push high-alert medications like insulin and heparin?,DRAFT_TRAP,Nurse,DOC-MED-004 v3.1,DOC-MED-003 v3.0 (Superseded),DOC-MED-004 v3.1 (Approved),Baseline selected suboptimal candidate purely by keyword count.,Fatal overdose from unchecked high-alert IV infusions,"Resolver verified approval status, version hierarchy, and active recency."
Q05,What is the current infection control procedure for hand hygiene and sanitizing?,NORMAL,Nurse,DOC-INF-003 v2.1,DOC-INF-001 v1.0 (Superseded),DOC-INF-003 v2.1 (Approved),Baseline selected suboptimal candidate purely by keyword count.,Nosocomial cross-transmission between inpatient rooms,"Resolver verified approval status, version hierarchy, and active recency."
Q07,What are the airborne isolation precautions and N95 negative pressure room standards?,DRAFT_TRAP,Physician,DOC-INF-003 v2.1,DOC-INF-002 v2.0 (Superseded),DOC-INF-003 v2.1 (Approved),Baseline selected suboptimal candidate purely by keyword count.,Airborne tuberculosis exposure from experimental cloth mask draft,"Resolver verified approval status, version hierarchy, and active recency."
Q08,How do I clean IT workstations and computer keyboards in patient wards?,WRONG_OWNER_TRAP,Nurse,DOC-INF-003 v2.1,DOC-INF-005 v2.1 (Approved),DOC-INF-003 v2.1 (Approved),Baseline selected document 'DOC-INF-005' from unauthorized department 'IT Support'.,Using unauthorized IT cleaning protocol instead of certified clinical disinfection,Resolver evaluated departmental ownership authority level (1.0 for official owner vs 0.0 for unauthorized).
Q09,What is the high performance chest compression rate and depth for adult code blue resuscitation?,SUPERSEDED_TRAP,Physician,DOC-CPR-002 v4.0,DOC-CPR-003 v5.0 (Draft),DOC-CPR-002 v4.0 (Approved),Draft document 'DOC-CPR-003' v5.0 had higher textual similarity (0.366) than approved version.,Suboptimal cardiac output during arrest from legacy compressions,Resolver applied multi-factor authority scoring with approval invariant guard (capped draft authority at 0.35).
Q13,What are the mandatory surgical time out safety checks before skin incision?,NORMAL,Physician,DOC-SURG-002 v2.0,DOC-SURG-001 v1.5 (Superseded),DOC-SURG-002 v2.0 (Approved),Baseline selected suboptimal candidate purely by keyword count.,Wrong-site or wrong-patient surgical intervention,"Resolver verified approval status, version hierarchy, and active recency."
Q19,How do I access and dispose of controlled substance narcotics in the medication room?,ACCESS_RESTRICTION,Visitor,ACCESS_BLOCKED,DOC-PHARM-002 v3.0 (Draft),None vNone (BLOCKED),Naive baseline lacked role-based access validation; leaked internal clinical protocol to role 'Visitor'.,Unauthorized visitor accessing restricted narcotic storage SOP,Resolver enforced RBAC access rules and blocked document transmission with ACCESS_DENIED status.
Q20,What are the emergency resuscitation code blue cardiac arrest drug doses?,ACCESS_RESTRICTION,Visitor,ACCESS_BLOCKED,DOC-CPR-003 v5.0 (Draft),None vNone (BLOCKED),Naive baseline lacked role-based access validation; leaked internal clinical protocol to role 'Visitor'.,Unqualified member of public attempting clinical resuscitation pharmacology,Resolver enforced RBAC access rules and blocked document transmission with ACCESS_DENIED status.
